SOLUTION;FORMAT
0.0312979;31 ms 297 us 899 ns 
0.0312117;31 ms 211 us 699 ns 
0.0312382;31 ms 238 us 199 ns 
0.0312969;31 ms 296 us 900 ns 
0.0231439;23 ms 143 us 899 ns 
0.0312471;31 ms 247 us 99 ns 
0.0312402;31 ms 240 us 199 ns 
0.0312422;31 ms 242 us 200 ns 
0.031249;31 ms 248 us 999 ns 
0.0312417;31 ms 241 us 700 ns 