SOLUTION;FORMAT
7.62418;7 s 624 ms 178 us 900 ns 
7.60804;7 s 608 ms 43 us 600 ns 
7.60823;7 s 608 ms 229 us 500 ns 
7.60861;7 s 608 ms 613 us 499 ns 
7.93257;7 s 932 ms 570 us 300 ns 
7.90496;7 s 904 ms 960 us 899 ns 
7.90979;7 s 909 ms 792 us 
7.90651;7 s 906 ms 507 us 799 ns 
7.88914;7 s 889 ms 137 us 500 ns 
7.9205;7 s 920 ms 495 us 500 ns 