SOLUTION;FORMAT
0;
0;
0.0010115;1 ms 11 us 500 ns 
0;
0;
0;
0;
0;
0.001005;1 ms 5 us 
0;