SOLUTION;FORMAT
0;
0.0020405;2 ms 40 us 500 ns 
0;
0.0010118;1 ms 11 us 800 ns 
0;
0;
0;
0;
0;
0.0020597;2 ms 59 us 699 ns 