SOLUTION;FORMAT
0;
0;
0;
0;
0;
0.0010156;1 ms 15 us 600 ns 
0;
0;
0;
0;
0.0010077;1 ms 7 us 700 ns 
0;
0.0155893;15 ms 589 us 299 ns 
0;