SOLUTION;FORMAT
0.0156393;15 ms 639 us 299 ns 
0.0312268;31 ms 226 us 799 ns 
0.0025061;2 ms 506 us 100 ns 
0.0025047;2 ms 504 us 699 ns 
0.0156215;15 ms 621 us 499 ns 
0.0156203;15 ms 620 us 300 ns 
0.015621;15 ms 620 us 999 ns 
0.0170878;17 ms 87 us 800 ns 
0.0156238;15 ms 623 us 800 ns 
0;
0.0155784;15 ms 578 us 399 ns 
0.0156207;15 ms 620 us 699 ns 
0.0045271;4 ms 527 us 99 ns 
0.0156222;15 ms 622 us 199 ns 