SOLUTION;FORMAT
0;
0;
0;
0;
0;
0;
0;
0;
0.0010214;1 ms 21 us 400 ns 
0.0156248;15 ms 624 us 799 ns 