SOLUTION;FORMAT
0;
0;
0.0010307;1 ms 30 us 700 ns 
0.0025039;2 ms 503 us 899 ns 
0.0155982;15 ms 598 us 200 ns 
0;
0;
0.0155913;15 ms 591 us 300 ns 
0;
0.0010057;1 ms 5 us 700 ns 