SOLUTION;FORMAT
0.0156241;15 ms 624 us 100 ns 
0.0020308;2 ms 30 us 800 ns 
0;
0;
0.0156241;15 ms 624 us 100 ns 
0.0095248;9 ms 524 us 799 ns 
0.0312118;31 ms 211 us 800 ns 
0.0156228;15 ms 622 us 799 ns 
0;
0.0312487;31 ms 248 us 699 ns 
0;
0.0156201;15 ms 620 us 99 ns 
0.0156203;15 ms 620 us 300 ns 
0.0030056;3 ms 5 us 600 ns 
0.0155835;15 ms 583 us 500 ns 