SOLUTION;FORMAT
2.07764;2 s 77 ms 636 us 299 ns 
2.05539;2 s 55 ms 389 us 100 ns 
1.89018;1 s 890 ms 182 us 699 ns 
1.54953;1 s 549 ms 528 us 199 ns 
2.43702;2 s 437 ms 18 us 99 ns 
2.15697;2 s 156 ms 970 us 799 ns 
2.51444;2 s 514 ms 444 us 199 ns 
2.64019;2 s 640 ms 192 us 999 ns 
0.843496;843 ms 496 us 499 ns 
1.7571;1 s 757 ms 98 us 999 ns 