SOLUTION;FORMAT
0;
0;
0;
0.0010091;1 ms 9 us 99 ns 
0.0010107;1 ms 10 us 699 ns 
0;
0;
0;
0.01562;15 ms 620 us 
0;