SOLUTION;FORMAT
0.0312445;31 ms 244 us 500 ns 
0.0312429;31 ms 242 us 899 ns 
0.0312402;31 ms 240 us 199 ns 
0.0307086;30 ms 708 us 600 ns 
0.03132;31 ms 320 us 
0.0312501;31 ms 250 us 100 ns 
0.0302473;30 ms 247 us 300 ns 
0.0312855;31 ms 285 us 500 ns 
0.0312809;31 ms 280 us 899 ns 
0.03124;31 ms 240 us 