SOLUTION;FORMAT
8.35884;8 s 358 ms 836 us 200 ns 
8.34279;8 s 342 ms 794 us 899 ns 
8.4376;8 s 437 ms 601 us 100 ns 
8.35817;8 s 358 ms 171 us 99 ns 
8.35812;8 s 358 ms 119 us 900 ns 
8.45217;8 s 452 ms 168 us 999 ns 
8.49891;8 s 498 ms 909 us 899 ns 
8.50367;8 s 503 ms 666 us 100 ns 
8.49276;8 s 492 ms 761 us 800 ns 
8.62538;8 s 625 ms 381 us 799 ns 